<?xml version="1.0" encoding="UTF-8"?>
<!DOCTYPE hibernate-configuration PUBLIC
        "-//Hibernate/Hibernate Configuration DTD 3.0//EN"
        "http://www.hibernate.org/dtd/hibernate-configuration-3.0.dtd">

<hibernate-configuration>
	<!-- Permite obtener objetos de sesion (conexiones) a la base de datos -->
    <session-factory>
        <!-- JDBC Database connection settings -->
        <property name="connection.driver_class">com.mysql.cj.jdbc.Driver</property>
        <property name="connection.url">
        	jdbc:mysql://localhost:3306/biblioteca?useSSL=false&amp;serverTimezone=UTC
        </property>
        <property name="connection.username">root</property>
        <property name="connection.password">root</property>

        <!-- Configuración de JDBC connection pool. Empleando la implementación por defecto para pruebas -->
        <property name="connection.pool_size">1</property>

        <!-- SQL dialect -->
        <property name="dialect">org.hibernate.dialect.MySQLDialect</property>

        <!-- Mostrar sentencias SQL creadas por Hibernate -->
        <property name="show_sql">true</property>

		<!-- Contexto de la sesiones a la base de datos -->
		<property name="current_session_context_class">thread</property>
    </session-factory>

</hibernate-configuration>